Department,Avg_Salary
Admin Offices,71791.88888888889
Executive Office,250000.0
IT/IS,97064.64
Production       ,59953.545454545456
Sales,69061.25806451614
Software Engineering,94989.45454545454
